class,precision,recall,f1,support
C,0.9129886506935687,0.9931412894375857,0.9513797634691196,729
M,0.6,0.18518518518518517,0.2830188679245283,81
X,0.0,0.0,0.0,8
