model,accuracy,cv_mean,cv_std
RandomForest,0.9034229828850856,0.9009779951100244,0.002319519066138192
SVM,0.902200488997555,0.9031784841075794,0.002493408075106486
