class,precision,recall,f1,support
C,0.9043478260869565,0.9986282578875172,0.9491525423728814,729
M,0.7692307692307693,0.12345679012345678,0.2127659574468085,81
X,0.0,0.0,0.0,8
